Workbook

Sheet Resumen
A1: Código | B1: Nombre del proyecto | C1: ID proyecto | D1: Dispositivo | E1: Implementación | F1: Herramienta IA | G1: Modelo IA | H1: Lenguaje | I1: CCN promedio | J1: Nivel de CC | K1: MI | L1: Nivel de MI | M1: Issues/KLOC | N1: ISI | O1: Interpretación de Issue | P1: Promedio concurrencia | Q1: Interpretación concurrencia | R1: Eficiencia de generación | S1: Interpretación tokens | T1: % CPU promedio | U1: Interpretación CPU | V1: % Memoria promedio | W1: Interpretación memoria
A2: L1-1C2026-AND-M | B2: Smart Mirror | C2: L1-1C2026 | D2: Android | E2: Manual | F2: No aplica | G2: No aplica | H2: Java | I2: 1.88 | J2: Bajo | K2: 53.1 | L2: Buena | M2: 65.79 | N2: 2.03 | O2: Predominan issues medios | P2: Sin datos | Q2: Sin datos | R2: Sin datos | S2: Sin datos | T2: 0.125 | U2: Consumo bajo de CPU | V2: 1.3732033 | W2: Consumo bajo de CPU
A3: L1-1C2026-AND-V | B3: Smart Mirror | C3: L1-1C2026 | D3: Android | E3: Vibecoding | F3: ClaudeCode | G3: Claude Sonnet 5 | H3: Java | I3: 1.82 | J3: Bajo | K3: 50.98 | L3: Buena | M3: 15.76 | N3: 2.67 | O3: Presencia de issues altos | P3: 2.75 | Q3: Hay aspectos que requieren observación | R3: 109.15 | S3: Alto NLOC/token, ajustada por refinamientos. | T3: 0.125 | U3: Consumo bajo de CPU | V3: 1.4566222 | W3: Consumo bajo de CPU
A4: L2-1C2026-AND-M | B4: Sistema de Atención al Volante | C4: L2-1C2026 | D4: Android | E4: Manual | F4: No aplica | G4: No aplica | H4: Java | I4: 3.07 | J4: Bajo | K4: 57.08 | L4: Buena | M4: 9.22 | N4: 2.75 | O4: Presencia de issues altos | P4: Sin datos | Q4: Sin datos | R4: Sin datos | S4: Sin datos | T4: 1.74375 | U4: Consumo bajo de CPU | V4: 9.3357271 | W4: Consumo bajo de CPU
A5: L2-1C2026-AND-V | B5: Sistema de Atención al Volante | C5: L2-1C2026 | D5: Android | E5: Vibecoding | F5: Gemini | G5: Gemini Pro | H5: Kotlin | I5: 1.63 | J5: Bajo | K5: 53.99 | L5: Buena | M5: 104.69 | N5: 1.75 | O5: Predominan issues medios | P5: 3 | Q5: Muy buen uso de concurrencia | R5: 4.96 | S5: Bajo NLOC/token, ajustada por refinamientos. | T5: 1.275 | U5: Consumo bajo de CPU | V5: 16.427289 | W5: Consumo bajo de CPU
A6: L2-1C2026-ESP-M | B6: Sistema de Atención al Volante | C6: L2-1C2026 | D6: ESP32 | E6: Manual | F6: No aplica | G6: No aplica | H6: Wiring | I6: Sin datos | J6: Sin datos | K6: Sin datos | L6: Sin datos | M6: Sin datos | N6: Sin datos | O6: Sin datos | P6: Sin datos | Q6: Sin datos | R6: Sin datos | S6: Sin datos | T6: Sin datos | U6: Sin datos | V6: Sin datos | W6: Sin datos
A7: L2-1C2026-ESP-V | B7: Sistema de Atención al Volante | C7: L2-1C2026 | D7: ESP32 | E7: Vibecoding | F7: ChatGPT | G7: Gemini Pro | H7: Wiring | I7: Sin datos | J7: Sin datos | K7: Sin datos | L7: Sin datos | M7: Sin datos | N7: Sin datos | O7: Sin datos | P7: Sin datos | Q7: Sin datos | R7: Sin datos | S7: Sin datos | T7: Sin datos | U7: Sin datos | V7: Sin datos | W7: Sin datos

Sheet Comparacion
A1: COMPARACIÓN · MANUAL / VIBECODING
E2: L1-1C2026 | F2: Android | G2: L1-1C2026-AND-M | H2: L1-1C2026-AND-V | I2: L1-1C2026|android | J2: L1-1C2026 | K2: Android
A3: ID proyecto | B3: L1-1C2026 | E3: L2-1C2026 | F3: Android | G3: L2-1C2026-AND-M | H3: L2-1C2026-AND-V | I3: L2-1C2026|android | J3: L2-1C2026 | K3: ESP32
A4: Dispositivo | B4: Android | E4: L2-1C2026 | F4: ESP32 | G4: L2-1C2026-ESP-M | H4: L2-1C2026-ESP-V | I4: L2-1C2026|esp32
A5: Seleccioná un ID y un dispositivo para comparar ambas implementaciones
A6: Campo | B6: Manual | C6: Vibecoding
A7: Código | B7: =IF(OR($B$3="",$B$4=""),"Sin datos",IFERROR(INDEX($G$2:$G$4,MATCH($B$3&"|"&LOWER($B$4),$I$2:$I$4,0)),"Sin datos")) | C7: =IF(OR($B$3="",$B$4=""),"Sin datos",IFERROR(INDEX($H$2:$H$4,MATCH($B$3&"|"&LOWER($B$4),$I$2:$I$4,0)),"Sin datos"))
A8: Nombre del proyecto | B8: =IF(OR($B$3="",$B$4="",B$7="Sin datos"),"Sin datos",IFERROR(IF(COUNTBLANK(INDEX('Resumen'!$B$2:$B$7,MATCH(B$7,'Resumen'!$A$2:$A$7,0)))>0,"Sin datos",INDEX('Resumen'!$B$2:$B$7,MATCH(B$7,'Resumen'!$A$2:$A$7,0))),"Sin datos")) | C8: =IF(OR($B$3="",$B$4="",C$7="Sin datos"),"Sin datos",IFERROR(IF(COUNTBLANK(INDEX('Resumen'!$B$2:$B$7,MATCH(C$7,'Resumen'!$A$2:$A$7,0)))>0,"Sin datos",INDEX('Resumen'!$B$2:$B$7,MATCH(C$7,'Resumen'!$A$2:$A$7,0))),"Sin datos"))
A9: ID proyecto | B9: =IF(OR($B$3="",$B$4="",B$7="Sin datos"),"Sin datos",IFERROR(IF(COUNTBLANK(INDEX('Resumen'!$C$2:$C$7,MATCH(B$7,'Resumen'!$A$2:$A$7,0)))>0,"Sin datos",INDEX('Resumen'!$C$2:$C$7,MATCH(B$7,'Resumen'!$A$2:$A$7,0))),"Sin datos")) | C9: =IF(OR($B$3="",$B$4="",C$7="Sin datos"),"Sin datos",IFERROR(IF(COUNTBLANK(INDEX('Resumen'!$C$2:$C$7,MATCH(C$7,'Resumen'!$A$2:$A$7,0)))>0,"Sin datos",INDEX('Resumen'!$C$2:$C$7,MATCH(C$7,'Resumen'!$A$2:$A$7,0))),"Sin datos"))
A10: Dispositivo | B10: =IF(OR($B$3="",$B$4="",B$7="Sin datos"),"Sin datos",IFERROR(IF(COUNTBLANK(INDEX('Resumen'!$D$2:$D$7,MATCH(B$7,'Resumen'!$A$2:$A$7,0)))>0,"Sin datos",INDEX('Resumen'!$D$2:$D$7,MATCH(B$7,'Resumen'!$A$2:$A$7,0))),"Sin datos")) | C10: =IF(OR($B$3="",$B$4="",C$7="Sin datos"),"Sin datos",IFERROR(IF(COUNTBLANK(INDEX('Resumen'!$D$2:$D$7,MATCH(C$7,'Resumen'!$A$2:$A$7,0)))>0,"Sin datos",INDEX('Resumen'!$D$2:$D$7,MATCH(C$7,'Resumen'!$A$2:$A$7,0))),"Sin datos"))
A11: Implementación | B11: =IF(OR($B$3="",$B$4="",B$7="Sin datos"),"Sin datos",IFERROR(IF(COUNTBLANK(INDEX('Resumen'!$E$2:$E$7,MATCH(B$7,'Resumen'!$A$2:$A$7,0)))>0,"Sin datos",INDEX('Resumen'!$E$2:$E$7,MATCH(B$7,'Resumen'!$A$2:$A$7,0))),"Sin datos")) | C11: =IF(OR($B$3="",$B$4="",C$7="Sin datos"),"Sin datos",IFERROR(IF(COUNTBLANK(INDEX('Resumen'!$E$2:$E$7,MATCH(C$7,'Resumen'!$A$2:$A$7,0)))>0,"Sin datos",INDEX('Resumen'!$E$2:$E$7,MATCH(C$7,'Resumen'!$A$2:$A$7,0))),"Sin datos"))
A12: Herramienta IA | B12: =IF(OR($B$3="",$B$4="",B$7="Sin datos"),"Sin datos",IFERROR(IF(COUNTBLANK(INDEX('Resumen'!$F$2:$F$7,MATCH(B$7,'Resumen'!$A$2:$A$7,0)))>0,"Sin datos",INDEX('Resumen'!$F$2:$F$7,MATCH(B$7,'Resumen'!$A$2:$A$7,0))),"Sin datos")) | C12: =IF(OR($B$3="",$B$4="",C$7="Sin datos"),"Sin datos",IFERROR(IF(COUNTBLANK(INDEX('Resumen'!$F$2:$F$7,MATCH(C$7,'Resumen'!$A$2:$A$7,0)))>0,"Sin datos",INDEX('Resumen'!$F$2:$F$7,MATCH(C$7,'Resumen'!$A$2:$A$7,0))),"Sin datos"))
A13: Modelo IA | B13: =IF(OR($B$3="",$B$4="",B$7="Sin datos"),"Sin datos",IFERROR(IF(COUNTBLANK(INDEX('Resumen'!$G$2:$G$7,MATCH(B$7,'Resumen'!$A$2:$A$7,0)))>0,"Sin datos",INDEX('Resumen'!$G$2:$G$7,MATCH(B$7,'Resumen'!$A$2:$A$7,0))),"Sin datos")) | C13: =IF(OR($B$3="",$B$4="",C$7="Sin datos"),"Sin datos",IFERROR(IF(COUNTBLANK(INDEX('Resumen'!$G$2:$G$7,MATCH(C$7,'Resumen'!$A$2:$A$7,0)))>0,"Sin datos",INDEX('Resumen'!$G$2:$G$7,MATCH(C$7,'Resumen'!$A$2:$A$7,0))),"Sin datos"))
A14: Lenguaje | B14: =IF(OR($B$3="",$B$4="",B$7="Sin datos"),"Sin datos",IFERROR(IF(COUNTBLANK(INDEX('Resumen'!$H$2:$H$7,MATCH(B$7,'Resumen'!$A$2:$A$7,0)))>0,"Sin datos",INDEX('Resumen'!$H$2:$H$7,MATCH(B$7,'Resumen'!$A$2:$A$7,0))),"Sin datos")) | C14: =IF(OR($B$3="",$B$4="",C$7="Sin datos"),"Sin datos",IFERROR(IF(COUNTBLANK(INDEX('Resumen'!$H$2:$H$7,MATCH(C$7,'Resumen'!$A$2:$A$7,0)))>0,"Sin datos",INDEX('Resumen'!$H$2:$H$7,MATCH(C$7,'Resumen'!$A$2:$A$7,0))),"Sin datos"))
A15: CCN promedio | B15: =IF(OR($B$3="",$B$4="",B$7="Sin datos"),"Sin datos",IFERROR(IF(COUNTBLANK(INDEX('Resumen'!$I$2:$I$7,MATCH(B$7,'Resumen'!$A$2:$A$7,0)))>0,"Sin datos",INDEX('Resumen'!$I$2:$I$7,MATCH(B$7,'Resumen'!$A$2:$A$7,0))),"Sin datos")) | C15: =IF(OR($B$3="",$B$4="",C$7="Sin datos"),"Sin datos",IFERROR(IF(COUNTBLANK(INDEX('Resumen'!$I$2:$I$7,MATCH(C$7,'Resumen'!$A$2:$A$7,0)))>0,"Sin datos",INDEX('Resumen'!$I$2:$I$7,MATCH(C$7,'Resumen'!$A$2:$A$7,0))),"Sin datos"))
A16: Nivel de CC | B16: =IF(OR($B$3="",$B$4="",B$7="Sin datos"),"Sin datos",IFERROR(IF(COUNTBLANK(INDEX('Resumen'!$J$2:$J$7,MATCH(B$7,'Resumen'!$A$2:$A$7,0)))>0,"Sin datos",INDEX('Resumen'!$J$2:$J$7,MATCH(B$7,'Resumen'!$A$2:$A$7,0))),"Sin datos")) | C16: =IF(OR($B$3="",$B$4="",C$7="Sin datos"),"Sin datos",IFERROR(IF(COUNTBLANK(INDEX('Resumen'!$J$2:$J$7,MATCH(C$7,'Resumen'!$A$2:$A$7,0)))>0,"Sin datos",INDEX('Resumen'!$J$2:$J$7,MATCH(C$7,'Resumen'!$A$2:$A$7,0))),"Sin datos"))
A17: MI | B17: =IF(OR($B$3="",$B$4="",B$7="Sin datos"),"Sin datos",IFERROR(IF(COUNTBLANK(INDEX('Resumen'!$K$2:$K$7,MATCH(B$7,'Resumen'!$A$2:$A$7,0)))>0,"Sin datos",INDEX('Resumen'!$K$2:$K$7,MATCH(B$7,'Resumen'!$A$2:$A$7,0))),"Sin datos")) | C17: =IF(OR($B$3="",$B$4="",C$7="Sin datos"),"Sin datos",IFERROR(IF(COUNTBLANK(INDEX('Resumen'!$K$2:$K$7,MATCH(C$7,'Resumen'!$A$2:$A$7,0)))>0,"Sin datos",INDEX('Resumen'!$K$2:$K$7,MATCH(C$7,'Resumen'!$A$2:$A$7,0))),"Sin datos"))
A18: Nivel de MI | B18: =IF(OR($B$3="",$B$4="",B$7="Sin datos"),"Sin datos",IFERROR(IF(COUNTBLANK(INDEX('Resumen'!$L$2:$L$7,MATCH(B$7,'Resumen'!$A$2:$A$7,0)))>0,"Sin datos",INDEX('Resumen'!$L$2:$L$7,MATCH(B$7,'Resumen'!$A$2:$A$7,0))),"Sin datos")) | C18: =IF(OR($B$3="",$B$4="",C$7="Sin datos"),"Sin datos",IFERROR(IF(COUNTBLANK(INDEX('Resumen'!$L$2:$L$7,MATCH(C$7,'Resumen'!$A$2:$A$7,0)))>0,"Sin datos",INDEX('Resumen'!$L$2:$L$7,MATCH(C$7,'Resumen'!$A$2:$A$7,0))),"Sin datos"))
A19: Issues/KLOC | B19: =IF(OR($B$3="",$B$4="",B$7="Sin datos"),"Sin datos",IFERROR(IF(COUNTBLANK(INDEX('Resumen'!$M$2:$M$7,MATCH(B$7,'Resumen'!$A$2:$A$7,0)))>0,"Sin datos",INDEX('Resumen'!$M$2:$M$7,MATCH(B$7,'Resumen'!$A$2:$A$7,0))),"Sin datos")) | C19: =IF(OR($B$3="",$B$4="",C$7="Sin datos"),"Sin datos",IFERROR(IF(COUNTBLANK(INDEX('Resumen'!$M$2:$M$7,MATCH(C$7,'Resumen'!$A$2:$A$7,0)))>0,"Sin datos",INDEX('Resumen'!$M$2:$M$7,MATCH(C$7,'Resumen'!$A$2:$A$7,0))),"Sin datos"))
A20: ISI | B20: =IF(OR($B$3="",$B$4="",B$7="Sin datos"),"Sin datos",IFERROR(IF(COUNTBLANK(INDEX('Resumen'!$N$2:$N$7,MATCH(B$7,'Resumen'!$A$2:$A$7,0)))>0,"Sin datos",INDEX('Resumen'!$N$2:$N$7,MATCH(B$7,'Resumen'!$A$2:$A$7,0))),"Sin datos")) | C20: =IF(OR($B$3="",$B$4="",C$7="Sin datos"),"Sin datos",IFERROR(IF(COUNTBLANK(INDEX('Resumen'!$N$2:$N$7,MATCH(C$7,'Resumen'!$A$2:$A$7,0)))>0,"Sin datos",INDEX('Resumen'!$N$2:$N$7,MATCH(C$7,'Resumen'!$A$2:$A$7,0))),"Sin datos"))
A21: Interpretación de Issue | B21: =IF(OR($B$3="",$B$4="",B$7="Sin datos"),"Sin datos",IFERROR(IF(COUNTBLANK(INDEX('Resumen'!$O$2:$O$7,MATCH(B$7,'Resumen'!$A$2:$A$7,0)))>0,"Sin datos",INDEX('Resumen'!$O$2:$O$7,MATCH(B$7,'Resumen'!$A$2:$A$7,0))),"Sin datos")) | C21: =IF(OR($B$3="",$B$4="",C$7="Sin datos"),"Sin datos",IFERROR(IF(COUNTBLANK(INDEX('Resumen'!$O$2:$O$7,MATCH(C$7,'Resumen'!$A$2:$A$7,0)))>0,"Sin datos",INDEX('Resumen'!$O$2:$O$7,MATCH(C$7,'Resumen'!$A$2:$A$7,0))),"Sin datos"))
A22: Promedio concurrencia | B22: =IF(OR($B$3="",$B$4="",B$7="Sin datos"),"Sin datos",IFERROR(IF(COUNTBLANK(INDEX('Resumen'!$P$2:$P$7,MATCH(B$7,'Resumen'!$A$2:$A$7,0)))>0,"Sin datos",INDEX('Resumen'!$P$2:$P$7,MATCH(B$7,'Resumen'!$A$2:$A$7,0))),"Sin datos")) | C22: =IF(OR($B$3="",$B$4="",C$7="Sin datos"),"Sin datos",IFERROR(IF(COUNTBLANK(INDEX('Resumen'!$P$2:$P$7,MATCH(C$7,'Resumen'!$A$2:$A$7,0)))>0,"Sin datos",INDEX('Resumen'!$P$2:$P$7,MATCH(C$7,'Resumen'!$A$2:$A$7,0))),"Sin datos"))
A23: Interpretación concurrencia | B23: =IF(OR($B$3="",$B$4="",B$7="Sin datos"),"Sin datos",IFERROR(IF(COUNTBLANK(INDEX('Resumen'!$Q$2:$Q$7,MATCH(B$7,'Resumen'!$A$2:$A$7,0)))>0,"Sin datos",INDEX('Resumen'!$Q$2:$Q$7,MATCH(B$7,'Resumen'!$A$2:$A$7,0))),"Sin datos")) | C23: =IF(OR($B$3="",$B$4="",C$7="Sin datos"),"Sin datos",IFERROR(IF(COUNTBLANK(INDEX('Resumen'!$Q$2:$Q$7,MATCH(C$7,'Resumen'!$A$2:$A$7,0)))>0,"Sin datos",INDEX('Resumen'!$Q$2:$Q$7,MATCH(C$7,'Resumen'!$A$2:$A$7,0))),"Sin datos"))
A24: Eficiencia de generación | B24: =IF(OR($B$3="",$B$4="",B$7="Sin datos"),"Sin datos",IFERROR(IF(COUNTBLANK(INDEX('Resumen'!$R$2:$R$7,MATCH(B$7,'Resumen'!$A$2:$A$7,0)))>0,"Sin datos",INDEX('Resumen'!$R$2:$R$7,MATCH(B$7,'Resumen'!$A$2:$A$7,0))),"Sin datos")) | C24: =IF(OR($B$3="",$B$4="",C$7="Sin datos"),"Sin datos",IFERROR(IF(COUNTBLANK(INDEX('Resumen'!$R$2:$R$7,MATCH(C$7,'Resumen'!$A$2:$A$7,0)))>0,"Sin datos",INDEX('Resumen'!$R$2:$R$7,MATCH(C$7,'Resumen'!$A$2:$A$7,0))),"Sin datos"))
A25: Interpretación tokens | B25: =IF(OR($B$3="",$B$4="",B$7="Sin datos"),"Sin datos",IFERROR(IF(COUNTBLANK(INDEX('Resumen'!$S$2:$S$7,MATCH(B$7,'Resumen'!$A$2:$A$7,0)))>0,"Sin datos",INDEX('Resumen'!$S$2:$S$7,MATCH(B$7,'Resumen'!$A$2:$A$7,0))),"Sin datos")) | C25: =IF(OR($B$3="",$B$4="",C$7="Sin datos"),"Sin datos",IFERROR(IF(COUNTBLANK(INDEX('Resumen'!$S$2:$S$7,MATCH(C$7,'Resumen'!$A$2:$A$7,0)))>0,"Sin datos",INDEX('Resumen'!$S$2:$S$7,MATCH(C$7,'Resumen'!$A$2:$A$7,0))),"Sin datos"))
A26: % CPU promedio | B26: =IF(OR($B$3="",$B$4="",B$7="Sin datos"),"Sin datos",IFERROR(IF(COUNTBLANK(INDEX('Resumen'!$T$2:$T$7,MATCH(B$7,'Resumen'!$A$2:$A$7,0)))>0,"Sin datos",INDEX('Resumen'!$T$2:$T$7,MATCH(B$7,'Resumen'!$A$2:$A$7,0))),"Sin datos")) | C26: =IF(OR($B$3="",$B$4="",C$7="Sin datos"),"Sin datos",IFERROR(IF(COUNTBLANK(INDEX('Resumen'!$T$2:$T$7,MATCH(C$7,'Resumen'!$A$2:$A$7,0)))>0,"Sin datos",INDEX('Resumen'!$T$2:$T$7,MATCH(C$7,'Resumen'!$A$2:$A$7,0))),"Sin datos"))
A27: Interpretación CPU | B27: =IF(OR($B$3="",$B$4="",B$7="Sin datos"),"Sin datos",IFERROR(IF(COUNTBLANK(INDEX('Resumen'!$U$2:$U$7,MATCH(B$7,'Resumen'!$A$2:$A$7,0)))>0,"Sin datos",INDEX('Resumen'!$U$2:$U$7,MATCH(B$7,'Resumen'!$A$2:$A$7,0))),"Sin datos")) | C27: =IF(OR($B$3="",$B$4="",C$7="Sin datos"),"Sin datos",IFERROR(IF(COUNTBLANK(INDEX('Resumen'!$U$2:$U$7,MATCH(C$7,'Resumen'!$A$2:$A$7,0)))>0,"Sin datos",INDEX('Resumen'!$U$2:$U$7,MATCH(C$7,'Resumen'!$A$2:$A$7,0))),"Sin datos"))
A28: % Memoria promedio | B28: =IF(OR($B$3="",$B$4="",B$7="Sin datos"),"Sin datos",IFERROR(IF(COUNTBLANK(INDEX('Resumen'!$V$2:$V$7,MATCH(B$7,'Resumen'!$A$2:$A$7,0)))>0,"Sin datos",INDEX('Resumen'!$V$2:$V$7,MATCH(B$7,'Resumen'!$A$2:$A$7,0))),"Sin datos")) | C28: =IF(OR($B$3="",$B$4="",C$7="Sin datos"),"Sin datos",IFERROR(IF(COUNTBLANK(INDEX('Resumen'!$V$2:$V$7,MATCH(C$7,'Resumen'!$A$2:$A$7,0)))>0,"Sin datos",INDEX('Resumen'!$V$2:$V$7,MATCH(C$7,'Resumen'!$A$2:$A$7,0))),"Sin datos"))
A29: Interpretación memoria | B29: =IF(OR($B$3="",$B$4="",B$7="Sin datos"),"Sin datos",IFERROR(IF(COUNTBLANK(INDEX('Resumen'!$W$2:$W$7,MATCH(B$7,'Resumen'!$A$2:$A$7,0)))>0,"Sin datos",INDEX('Resumen'!$W$2:$W$7,MATCH(B$7,'Resumen'!$A$2:$A$7,0))),"Sin datos")) | C29: =IF(OR($B$3="",$B$4="",C$7="Sin datos"),"Sin datos",IFERROR(IF(COUNTBLANK(INDEX('Resumen'!$W$2:$W$7,MATCH(C$7,'Resumen'!$A$2:$A$7,0)))>0,"Sin datos",INDEX('Resumen'!$W$2:$W$7,MATCH(C$7,'Resumen'!$A$2:$A$7,0))),"Sin datos"))

Sheet Graficos
A1: COMPARACIÓN VISUAL · MANUAL Y VIBECODING
A2: Proyecto y dispositivo | B2: =IF(OR(Comparacion!B3="",Comparacion!B4=""),"",Comparacion!B3&" · "&Comparacion!B4)
A3: Las gráficas muestran solo mediciones numéricas registradas. Comparar únicamente el mismo proyecto y dispositivo.
A4: Complejidad | B4: Manual | C4: Vibecoding
A5: CCN promedio | B5: =IF(ISNUMBER('Comparacion'!B15),'Comparacion'!B15,"") | C5: =IF(ISNUMBER('Comparacion'!C15),'Comparacion'!C15,"")
A9: Mantenibilidad | B9: Manual | C9: Vibecoding
A10: MI | B10: =IF(ISNUMBER('Comparacion'!B17),'Comparacion'!B17,"") | C10: =IF(ISNUMBER('Comparacion'!C17),'Comparacion'!C17,"")
A14: Recursos (%) | B14: Manual | C14: Vibecoding
A15: CPU promedio (%) | B15: =IF(ISNUMBER('Comparacion'!B26),'Comparacion'!B26,"") | C15: =IF(ISNUMBER('Comparacion'!C26),'Comparacion'!C26,"")
A16: Memoria promedio (%) | B16: =IF(ISNUMBER('Comparacion'!B28),'Comparacion'!B28,"") | C16: =IF(ISNUMBER('Comparacion'!C28),'Comparacion'!C28,"")
A21: Densidad de issues | B21: Manual | C21: Vibecoding
A22: Issues/KLOC | B22: =IF(ISNUMBER('Comparacion'!B19),'Comparacion'!B19,"") | C22: =IF(ISNUMBER('Comparacion'!C19),'Comparacion'!C19,"")
A27: MI requiere un valor del analizador. CPU de ESP32 requiere instrumentación adecuada. Las mediciones deben utilizar el mismo hardware y la misma carga.

Sheet Complejidad
A1: Código | B1: Cantidad de funciones | C1: CCN Total | D1: CCN promedio | E1: NLOC total | F1: Nivel de CC | G1: Interpretación CC | H1: NLOC promedio
A2: L1-1C2026-AND-M | B2: 48 | C2: 90 | D2: 1.88 | E2: 456 | F2: Bajo | G2: Testeabilidad alta | H2: 9.5
A3: L1-1C2026-AND-V | B3: 77 | C3: 140 | D3: 1.82 | E3: 571 | F3: Bajo | G3: Testeabilidad alta | H3: 7.42
A4: L2-1C2026-AND-M | B4: 28 | C4: 86 | D4: 3.07 | E4: 434 | F4: Bajo | G4: Testeabilidad alta | H4: 15.5
A5: L2-1C2026-AND-V | B5: 54 | C5: 88 | D5: 1.63 | E5: 640 | F5: Bajo | G5: Testeabilidad alta | H5: 11.85

Sheet Mantenibilidad
A1: Código | B1: NLOC MI | C1: Cantidad de funciones MI | D1: Tokens código | E1: MI | F1: Nivel de MI | G1: Interpretación MI
A2: L1-1C2026-AND-M | B2: 456 | C2: 48 | D2: 3219 | E2: 53.1 | F2: Buena | G2: Buena mantenibilidad
A3: L1-1C2026-AND-V | B3: 571 | C3: 77 | D3: 3686 | E3: 50.98 | F3: Buena | G3: Buena mantenibilidad
A4: L2-1C2026-AND-M | B4: 434 | C4: 28 | D4: 3007 | E4: 57.08 | F4: Buena | G4: Buena mantenibilidad
A5: L2-1C2026-AND-V | B5: 640 | C5: 54 | D5: 3525 | E5: 53.99 | F5: Buena | G5: Buena mantenibilidad

Sheet Bugs_Smells
A1: Código | B1: Analizador | C1: Total de issues | D1: Issues/KLOC | E1: ISI | F1: Nivel de ISI | G1: Interpretación de ISI | H1: Observacion | I1: Cant. severidad alta | J1: Cant. severidad media | K1: Cant. severidad baja | L1: Reglas incumplidas
A2: L1-1C2026-AND-M | B2: PMD | C2: 30 | D2: 65.79 | E2: 2.03 | F2: Moderado | G2: Predominan issues medios | H2: Contiene issues medios | I2: 2 | J2: 23 | K2: 5 | L2: LooseCoupling: 7; UncommentedEmptyMethodBody: 6; LiteralsFirstInComparisons: 6; UnnecessaryImport: 5; SingularField: 1; UnusedPrivateMethod: 1; UseUtilityClass: 1; ClassWithOnlyPrivateConstructorsShouldBeFinal: 1; NonThreadSafeSingleton: 1; MethodNamingConventions: 1
A3: L1-1C2026-AND-V | B3: PMD | C3: 9 | D3: 15.76 | E3: 2.67 | F3: Alto | G3: Presencia de issues altos | H3: Contiene issues altos | I3: 2 | J3: 7 | K3: 0 | L3: UncommentedEmptyMethodBody: 6; ClassWithOnlyPrivateConstructorsShouldBeFinal: 2; LooseCoupling: 1
A4: L2-1C2026-AND-M | B4: PMD | C4: 4 | D4: 9.22 | E4: 2.75 | F4: Alto | G4: Presencia de issues altos | H4: Contiene issues altos | I4: 1 | J4: 3 | K4: 0 | L4: ControlStatementBraces: 2; UselessQualifiedThis: 1; MethodNamingConventions: 1
A5: L2-1C2026-AND-V | B5: Detekt | C5: 67 | D5: 104.69 | E5: 1.75 | F5: Moderado | G5: Predominan issues medios | H5: Contiene issues medios | I5: 5 | J5: 30 | K5: 32 | L5: detekt.MagicNumber: 29; detekt.WildcardImport: 16; detekt.FunctionNaming: 13; detekt.MaxLineLength: 3; detekt.LongMethod: 2; detekt.TooGenericExceptionCaught: 2; detekt.SwallowedException: 1; detekt.ReturnCount: 1

Sheet Errores
A1: Código | B1: Nombre del proyecto | C1: Error
A2: L2-1C2026-ESP-M | B2: Sistema de Atención al Volante | C2: Análisis complejidad: Lenguaje no soportado: wiring
A3: L2-1C2026-ESP-M | B3: Sistema de Atención al Volante | C3: Análisis mantenibilidad: No se generó el CSV de Lizard en esta ejecución
A4: L2-1C2026-ESP-M | B4: Sistema de Atención al Volante | C4: Análisis tokens: 'NoneType' object has no attribute 'nloc_total'
A5: L2-1C2026-ESP-V | B5: Sistema de Atención al Volante | C5: Análisis complejidad: Lenguaje no soportado: wiring
A6: L2-1C2026-ESP-V | B6: Sistema de Atención al Volante | C6: Análisis mantenibilidad: No se generó el CSV de Lizard en esta ejecución
A7: L2-1C2026-ESP-V | B7: Sistema de Atención al Volante | C7: Análisis tokens: 'NoneType' object has no attribute 'nloc_total'

Sheet Concurrencia
A1: Código | B1: Sincronización correcta | C1: Ausencia de deadlocks | D1: Ausencia de condición de carrera | E1: Uso correcto de exclusión mutua | F1: Promedio concurrencia | G1: Interpretación concurrencia
A2: L1-1C2026-AND-V | B2: Media | C2: Alta | D2: Alta | E2: Alta | F2: 2.75 | G2: Hay aspectos que requieren observación
A3: L2-1C2026-AND-V | B3: Alta | C3: Alta | D3: Alta | E3: Alta | F3: 3 | G3: Muy buen uso de concurrencia

Sheet Tokens
A1: Código | B1: Método utilizado | C1: NlocTotal | D1: Refinamientos | E1: Tokens registrados | F1: Eficiencia de generación (NLOC/1000 tokens) | G1: Eficiencia ponderada | H1: Nivel de eficiencia | I1: Interpretación
A2: L1-1C2026-AND-V | B2: herramienta modelo | C2: 571 | D2: 3 | E2: 4024 | F2: 141.9 | G2: 109.15 | H2: Alto | I2: Alto NLOC/token, ajustada por refinamientos.
A3: L2-1C2026-AND-V | B3: Context Windows | C3: 640 | D3: 2 | E3: 107500 | F3: 5.95 | G3: 4.96 | H3: Bajo | I3: Bajo NLOC/token, ajustada por refinamientos.

Sheet CPU-Memoria
A1: Código | B1: Lenguaje | C1: Método medición | D1: Modo CPU | E1: CPUs lógicas | F1: Acción 1 | G1: CPU medida 1 | H1: Acción 2 | I1: CPU medida 2 | J1: CPU normalizada 1 | K1: CPU normalizada 2 | L1: CPU promedio normalizada | M1: CPU máxima normalizada | N1: Nivel CPU | O1: Interpretación CPU | P1: Memoria Acc1 (MB) | Q1: Memoria Acc2 (MB) | R1: Memoria de total (MB) | S1: Memoria promedio (MB) | T1: Memoria normalizada promedio (%) | U1: Memoria máxima (MB) | V1: Nivel memoria | W1: Interpretación memoria
A2: L1-1C2026-AND-M | B2: Java | C2: Otro | D2: 100%=1 núcleo | E2: 8 | F2: Simple | G2: 1 | H2: Shake | I2: 1 | J2: 0.125 | K2: 0.125 | L2: 0.125 | M2: 0.125 | N2: Bajo | O2: Consumo bajo de CPU | P2: 103 | Q2: 111 | R2: 7792 | S2: 107 | T2: 1.3732033 | U2: 111 | V2: Bajo | W2: Consumo bajo de CPU
A3: L1-1C2026-AND-V | B3: Java | C3: Otro | D3: 100%=1 núcleo | E3: 8 | F3: Simple | G3: 1 | H3: Shake | I3: 1 | J3: 0.125 | K3: 0.125 | L3: 0.125 | M3: 0.125 | N3: Bajo | O3: Consumo bajo de CPU | P3: 104 | Q3: 123 | R3: 7792 | S3: 113.5 | T3: 1.4566222 | U3: 123 | V3: Bajo | W3: Consumo bajo de CPU
A4: L2-1C2026-AND-M | B4: Java | C4: Otro | D4: 100%=1 núcleo | E4: 8 | F4: Simple | G4: 0.9 | H4: leyendo GPS | I4: 27 | J4: 0.1125 | K4: 3.375 | L4: 1.74375 | M4: 3.375 | N4: Bajo | O4: Consumo bajo de CPU | P4: 92 | Q4: 116 | R4: 1114 | S4: 104 | T4: 9.3357271 | U4: 116 | V4: Bajo | W4: Consumo bajo de CPU
A5: L2-1C2026-AND-V | B5: Kotlin | C5: Otro | D5: 100%=1 núcleo | E5: 8 | F5: Simple | G5: 2.4 | H5: leyendo GPS | I5: 18 | J5: 0.3 | K5: 2.25 | L5: 1.275 | M5: 2.25 | N5: Bajo | O5: Consumo bajo de CPU | P5: 181 | Q5: 185 | R5: 1114 | S5: 183 | T5: 16.427289 | U5: 185 | V5: Bajo | W5: Consumo bajo de CPU
