Workbook

Sheet Datos
A1: N° | B1: Grupo | C1: Herramienta | D1: Modelo | E1: Lenguaje | F1: avgCCN | G1: MI | H1: NLOC Total | I1: NLOC Prom | J1: Issues/KLOC | K1: Críticos | L1: Refinamientos | M1: Tokens registrados | N1: Eficiencia (redondeada) | O1: Eficiencia de generación (NLOC/1.000 tokens) | P1: Eficiencia ajustada | Q1: Nivel de eficiencia
A2: CI-S | B2: M1 | C2: claude.ia | D2: Sonnet | E2: Java | F2: 1.45 | G2: 50.4 | H2: 247 | I2: 6.17 | J2: 13.16 | K2: 2 | L2: 3 | M2: 3180 | N2: =IF(OR(M2="",M2<=0),"",ROUND((H2/M2)*1000,0)) -> 78 | O2: =IF(OR(M2="",M2<=0),"",ROUND((H2/M2)*1000,2)) -> 77.67 | P2: =IF(O2="","",ROUND(O2/(1+Parametros!$B$2*L2),2)) -> 59.75 | Q2: =IF(P2="","No evaluable",IF(P2<Parametros!$B$3,"Baja",IF(P2<Parametros!$B$4,"Media","Alta"))) -> Alta
A3: CC-HSO | B3: M2 | C3: Claude Code | D3: Haiku+Sonnet+Opus | E3: Python | F3: 2.74 | G3: 42.6 | H3: 948 | I3: 13.94 | J3: 129.06 | K3: 39 | L3: 9 | M3: 8078197 | N3: =IF(OR(M3="",M3<=0),"",ROUND((H3/M3)*1000,0)) -> 0 | O3: =IF(OR(M3="",M3<=0),"",ROUND((H3/M3)*1000,2)) -> 0.12 | P3: =IF(O3="","",ROUND(O3/(1+Parametros!$B$2*L3),2)) -> 0.06 | Q3: =IF(P3="","No evaluable",IF(P3<Parametros!$B$3,"Baja",IF(P3<Parametros!$B$4,"Media","Alta"))) -> Baja
A4: CC-H | B4: M3 | C4: Claude Code | D4: Haiku | E4: Java | F4: 2.18 | G4: 47.2 | H4: 531 | I4: 10.41 | J4: 59.77 | K4: 22 | L4: 2 | M4: 67600 | N4: =IF(OR(M4="",M4<=0),"",ROUND((H4/M4)*1000,0)) -> 8 | O4: =IF(OR(M4="",M4<=0),"",ROUND((H4/M4)*1000,2)) -> 7.86 | P4: =IF(O4="","",ROUND(O4/(1+Parametros!$B$2*L4),2)) -> 6.55 | Q4: =IF(P4="","No evaluable",IF(P4<Parametros!$B$3,"Baja",IF(P4<Parametros!$B$4,"Media","Alta"))) -> Baja
A5: CC-O | B5: M3 | C5: Claude Code | D5: Opus | E5: Java | F5: 2.84 | G5: 51.5 | H5: 432 | I5: 11.68 | J5: 54.49 | K5: 7 | L5: 2 | M5: 134500 | N5: =IF(OR(M5="",M5<=0),"",ROUND((H5/M5)*1000,0)) -> 3 | O5: =IF(OR(M5="",M5<=0),"",ROUND((H5/M5)*1000,2)) -> 3.21 | P5: =IF(O5="","",ROUND(O5/(1+Parametros!$B$2*L5),2)) -> 2.68 | Q5: =IF(P5="","No evaluable",IF(P5<Parametros!$B$3,"Baja",IF(P5<Parametros!$B$4,"Media","Alta"))) -> Baja
A6: W-GE | B6: M4 | C6: Web/IDE | D6: Gemini Pro | E6: Python | F6: 2.6 | G6: 29.2 | H6: 170 | I6: 11.33 | J6: 228.26 | K6: 0 | L6: 0 | M6: 2800 | N6: =IF(OR(M6="",M6<=0),"",ROUND((H6/M6)*1000,0)) -> 61 | O6: =IF(OR(M6="",M6<=0),"",ROUND((H6/M6)*1000,2)) -> 60.71 | P6: =IF(O6="","",ROUND(O6/(1+Parametros!$B$2*L6),2)) -> 60.71 | Q6: =IF(P6="","No evaluable",IF(P6<Parametros!$B$3,"Baja",IF(P6<Parametros!$B$4,"Media","Alta"))) -> Alta
A7: W-S | B7: M4 | C7: Web/IDE | D7: Sonnet | E7: Python | F7: 2.32 | G7: 22.1 | H7: 311 | I7: 12.44 | J7: 109.13 | K7: 0 | L7: 1 | M7: 7418 | N7: =IF(OR(M7="",M7<=0),"",ROUND((H7/M7)*1000,0)) -> 42 | O7: =IF(OR(M7="",M7<=0),"",ROUND((H7/M7)*1000,2)) -> 41.93 | P7: =IF(O7="","",ROUND(O7/(1+Parametros!$B$2*L7),2)) -> 38.12 | Q7: =IF(P7="","No evaluable",IF(P7<Parametros!$B$3,"Baja",IF(P7<Parametros!$B$4,"Media","Alta"))) -> Alta
A8: W-GP | B8: M4 | C8: Web/IDE | D8: GPT Mini | E8: Python | F8: 3.4 | G8: 26 | H8: 213 | I8: 14.2 | J8: 174.34 | K8: 0 | L8: 0 | M8: 5955 | N8: =IF(OR(M8="",M8<=0),"",ROUND((H8/M8)*1000,0)) -> 36 | O8: =IF(OR(M8="",M8<=0),"",ROUND((H8/M8)*1000,2)) -> 35.77 | P8: =IF(O8="","",ROUND(O8/(1+Parametros!$B$2*L8),2)) -> 35.77 | Q8: =IF(P8="","No evaluable",IF(P8<Parametros!$B$3,"Baja",IF(P8<Parametros!$B$4,"Media","Alta"))) -> Alta
A9: W-D | B9: M4 | C9: Web/IDE | D9: Deepseek | E9: Python | F9: 3.29 | G9: 21.9 | H9: 319 | I9: 18.76 | J9: 115.68 | K9: 0 | L9: 0 | M9: 6670 | N9: =IF(OR(M9="",M9<=0),"",ROUND((H9/M9)*1000,0)) -> 48 | O9: =IF(OR(M9="",M9<=0),"",ROUND((H9/M9)*1000,2)) -> 47.83 | P9: =IF(O9="","",ROUND(O9/(1+Parametros!$B$2*L9),2)) -> 47.83 | Q9: =IF(P9="","No evaluable",IF(P9<Parametros!$B$3,"Baja",IF(P9<Parametros!$B$4,"Media","Alta"))) -> Alta
A10: CC-SO | B10: M5 | C10: Claude Code | D10: Sonnet+Opus | E10: Java | F10: 2.25 | G10: 41.7 | H10: 6536 | I10: 7.16 | J10: 22.41 | K10: 2 | L10: 80 | M10: 750000 | N10: =IF(OR(M10="",M10<=0),"",ROUND((H10/M10)*1000,0)) -> 9 | O10: =IF(OR(M10="",M10<=0),"",ROUND((H10/M10)*1000,2)) -> 8.71 | P10: =IF(O10="","",ROUND(O10/(1+Parametros!$B$2*L10),2)) -> 0.97 | Q10: =IF(P10="","No evaluable",IF(P10<Parametros!$B$3,"Baja",IF(P10<Parametros!$B$4,"Media","Alta"))) -> Baja
A11: CC-O | B11: M6 | C11: Claude Code | D11: Opus | E11: Python | F11: 1.7 | G11: 52.8 | H11: 300 | I11: 6.52 | J11: 10.6 | K11: 2 | L11: 0 | M11: 2216 | N11: =IF(OR(M11="",M11<=0),"",ROUND((H11/M11)*1000,0)) -> 135 | O11: =IF(OR(M11="",M11<=0),"",ROUND((H11/M11)*1000,2)) -> 135.38 | P11: =IF(O11="","",ROUND(O11/(1+Parametros!$B$2*L11),2)) -> 135.38 | Q11: =IF(P11="","No evaluable",IF(P11<Parametros!$B$3,"Baja",IF(P11<Parametros!$B$4,"Media","Alta"))) -> Alta

Sheet Parametros
A1: Parámetro | B1: Valor | C1: Descripción
A2: Penalización por refinamiento | B2: 0.1 | C2: Factor aplicado a cada refinamiento
A3: Umbral bajo | B3: 10 | C3: Menor que este valor: eficiencia baja
A4: Umbral alto | B4: 30 | C4: Desde este valor: eficiencia alta
A6: Fórmula base | C6: NLOC Total × 1.000 / Tokens registrados
A7: Fórmula ajustada | C7: Eficiencia base / (1 + penalización × refinamientos)
