Workbook

Sheet Resultado generales
A1: N° | B1: Grupo | C1: Herramienta | D1: Modelo | E1: Lenguaje | F1: avgCCN | G1: MI | H1: NLoc Total | I1: NLoc Prom | J1: Issues/KLOC | K1: Críticos | L1: Refinamientos | M1: Tokens prompt | N1: Eficiencia
A2: CI-S | B2: M1 | C2: claude.ia | D2: Sonnet | E2: Java | F2: 1.45 | G2: 50.4 | H2: 247 | I2: 6.17 | J2: 13.16 | K2: 2 | L2: 3 | M2: 3180 | N2: =H2/(M2/1000) -> 77.672956
A3: CC-HSO | B3: M2 | C3: Claude Code | D3: Haiku+Sonnet+Opus | E3: Python | F3: 2.74 | G3: 42.6 | H3: 948 | I3: 13.94 | J3: 129.06 | K3: 39 | L3: 9 | M3: 8078197 | N3: =H3/(M3/1000) -> 0.11735292
A4: CC-H | B4: M3 | C4: Claude Code | D4: Haiku | E4: Java | F4: 2.18 | G4: 47.2 | H4: 531 | I4: 10.41 | J4: 59.77 | K4: 22 | L4: 2 | M4: 67600 | N4: =H4/(M4/1000) -> 7.8550296
A5: CC-O | B5: M3 | C5: Claude Code | D5: Opus | E5: Java | F5: 2.84 | G5: 51.5 | H5: 432 | I5: 11.68 | J5: 54.49 | K5: 7 | L5: 2 | M5: 134500 | N5: =H5/(M5/1000) -> 3.2118959
A6: W-GE | B6: M4 | C6: Web/IDE | D6: Gemini Pro | E6: Python | F6: 2.6 | G6: 29.2 | H6: 170 | I6: 11.33 | J6: 228.26 | K6: 0 | L6: 0 | M6: 2800 | N6: =H6/(M6/1000) -> 60.714286
A7: W-S | B7: M4 | C7: Web/IDE | D7: Sonnet | E7: Python | F7: 2.32 | G7: 22.1 | H7: 311 | I7: 12.44 | J7: 109.13 | K7: 0 | L7: 1 | M7: 7418 | N7: =H7/(M7/1000) -> 41.925047
A8: W-GP | B8: M4 | C8: Web/IDE | D8: GPT Mini | E8: Python | F8: 3.4 | G8: 26 | H8: 213 | I8: 14.2 | J8: 174.34 | K8: 0 | L8: 0 | M8: 5955 | N8: =H8/(M8/1000) -> 35.768262
A9: W-D | B9: M4 | C9: Web/IDE | D9: Deepseek | E9: Python | F9: 3.29 | G9: 21.9 | H9: 319 | I9: 18.76 | J9: 115.68 | K9: 0 | L9: 0 | M9: 6670 | N9: =H9/(M9/1000) -> 47.826087
A10: CC-SO | B10: M5 | C10: Claude Code | D10: Sonnet+Opus | E10: Java | F10: 2.25 | G10: 41.7 | H10: 6536 | I10: 7.16 | J10: 22.41 | K10: 2 | L10: 80 | M10: 750000 | N10: =H10/(M10/1000) -> 8.7146667
A11: CC-O | B11: M6 | C11: Claude Code | D11: Opus | E11: Python | F11: 1.7 | G11: 52.8 | H11: 300 | I11: 6.52 | J11: 10.6 | K11: 2 | L11: 0 | M11: 2216 | N11: =H11/(M11/1000) -> 135.37906

Sheet Analisis de resultados

Sheet refinamientos
A1: Herramienta | B1: Refinamientos
A2: ='Resultado generales'!A6 -> W-GE | B2: ='Resultado generales'!L6 -> 0
A3: ='Resultado generales'!A8 -> W-GP | B3: ='Resultado generales'!L8 -> 0
A4: ='Resultado generales'!A9 -> W-D | B4: ='Resultado generales'!L9 -> 0
A5: ='Resultado generales'!A11 -> CC-O | B5: ='Resultado generales'!L11 -> 0
A6: ='Resultado generales'!A7 -> W-S | B6: ='Resultado generales'!L7 -> 1
A7: ='Resultado generales'!A4 -> CC-H | B7: ='Resultado generales'!L4 -> 2
A8: ='Resultado generales'!A5 -> CC-O | B8: ='Resultado generales'!L5 -> 2
A9: ='Resultado generales'!A2 -> CI-S | B9: ='Resultado generales'!L2 -> 3
A10: ='Resultado generales'!A3 -> CC-HSO | B10: ='Resultado generales'!L3 -> 9
A11: ='Resultado generales'!A10 -> CC-SO | B11: ='Resultado generales'!L10 -> 80

Sheet Eficiencia
A1: Herramienta | B1: Eficiencia
A2: ='Resultado generales'!A3 -> CC-HSO | B2: ='Resultado generales'!N3 -> 0.11735292
A3: ='Resultado generales'!A5 -> CC-O | B3: ='Resultado generales'!N5 -> 3.2118959
A4: ='Resultado generales'!A4 -> CC-H | B4: ='Resultado generales'!N4 -> 7.8550296
A5: ='Resultado generales'!A10 -> CC-SO | B5: ='Resultado generales'!N10 -> 8.7146667
A6: ='Resultado generales'!A8 -> W-GP | B6: ='Resultado generales'!N8 -> 35.768262
A7: ='Resultado generales'!A7 -> W-S | B7: ='Resultado generales'!N7 -> 41.925047
A8: ='Resultado generales'!A9 -> W-D | B8: ='Resultado generales'!N9 -> 47.826087
A9: ='Resultado generales'!A6 -> W-GE | B9: ='Resultado generales'!N6 -> 60.714286
A10: ='Resultado generales'!A2 -> CI-S | B10: ='Resultado generales'!N2 -> 77.672956
A11: ='Resultado generales'!A11 -> CC-O | B11: ='Resultado generales'!N11 -> 135.37906

Sheet NLoc Total
A1: Herramienta | B1: Nloc Total
A2: ='Resultado generales'!A6 -> W-GE | B2: ='Resultado generales'!H6 -> 170
A3: ='Resultado generales'!A8 -> W-GP | B3: ='Resultado generales'!H8 -> 213
A4: ='Resultado generales'!A2 -> CI-S | B4: ='Resultado generales'!H2 -> 247
A5: ='Resultado generales'!A11 -> CC-O | B5: ='Resultado generales'!H11 -> 300
A6: ='Resultado generales'!A7 -> W-S | B6: ='Resultado generales'!H7 -> 311
A7: ='Resultado generales'!A9 -> W-D | B7: ='Resultado generales'!H9 -> 319
A8: ='Resultado generales'!A5 -> CC-O | B8: ='Resultado generales'!H5 -> 432
A9: ='Resultado generales'!A4 -> CC-H | B9: ='Resultado generales'!H4 -> 531
A10: ='Resultado generales'!A3 -> CC-HSO | B10: ='Resultado generales'!H3 -> 948
A11: ='Resultado generales'!A10 -> CC-SO | B11: ='Resultado generales'!H10 -> 6536

Sheet Token prompts
A1: Herramienta | B1: ='Resultado generales'!M1 -> Tokens prompt
A2: CC-O | B2: ='Resultado generales'!M11 -> 2216
A3: W-GE | B3: ='Resultado generales'!M6 -> 2800
A4: CI-S | B4: ='Resultado generales'!M2 -> 3180
A5: W-GP | B5: ='Resultado generales'!M8 -> 5955
A6: W-D | B6: ='Resultado generales'!M9 -> 6670
A7: W-S | B7: ='Resultado generales'!M7 -> 7418
A8: CC-H | B8: ='Resultado generales'!M4 -> 67600
A9: CC-O | B9: ='Resultado generales'!M5 -> 134500
A10: CC-SO | B10: ='Resultado generales'!M10 -> 750000
A11: CC-HSO | B11: ='Resultado generales'!M3 -> 8078197
